date,day,day_name,week,month,month_name,quarter,year,year_month,is_weekend,is_holiday,holiday_name
2023-01-01,1,Sunday,52,1,January,1,2023,2023-01,True,True,New Year
2023-01-02,2,Monday,1,1,January,1,2023,2023-01,False,False,
2023-01-03,3,Tuesday,1,1,January,1,2023,2023-01,False,False,
2023-01-04,4,Wednesday,1,1,January,1,2023,2023-01,False,False,
2023-01-05,5,Thursday,1,1,January,1,2023,2023-01,False,False,
2023-01-06,6,Friday,1,1,January,1,2023,2023-01,False,False,
2023-01-07,7,Saturday,1,1,January,1,2023,2023-01,True,False,
2023-01-08,8,Sunday,1,1,January,1,2023,2023-01,True,False,
2023-01-09,9,Monday,2,1,January,1,2023,2023-01,False,False,
2023-01-10,10,Tuesday,2,1,January,1,2023,2023-01,False,False,
2023-01-11,11,Wednesday,2,1,January,1,2023,2023-01,False,False,
2023-01-12,12,Thursday,2,1,January,1,2023,2023-01,False,False,
2023-01-13,13,Friday,2,1,January,1,2023,2023-01,False,False,
2023-01-14,14,Saturday,2,1,January,1,2023,2023-01,True,False,
2023-01-15,15,Sunday,2,1,January,1,2023,2023-01,True,False,
2023-01-16,16,Monday,3,1,January,1,2023,2023-01,False,False,
2023-01-17,17,Tuesday,3,1,January,1,2023,2023-01,False,False,
2023-01-18,18,Wednesday,3,1,January,1,2023,2023-01,False,False,
2023-01-19,19,Thursday,3,1,January,1,2023,2023-01,False,False,
2023-01-20,20,Friday,3,1,January,1,2023,2023-01,False,False,
2023-01-21,21,Saturday,3,1,January,1,2023,2023-01,True,False,
2023-01-22,22,Sunday,3,1,January,1,2023,2023-01,True,False,
2023-01-23,23,Monday,4,1,January,1,2023,2023-01,False,False,
2023-01-24,24,Tuesday,4,1,January,1,2023,2023-01,False,False,
2023-01-25,25,Wednesday,4,1,January,1,2023,2023-01,False,False,
2023-01-26,26,Thursday,4,1,January,1,2023,2023-01,False,False,
2023-01-27,27,Friday,4,1,January,1,2023,2023-01,False,False,
2023-01-28,28,Saturday,4,1,January,1,2023,2023-01,True,False,
2023-01-29,29,Sunday,4,1,January,1,2023,2023-01,True,False,
2023-01-30,30,Monday,5,1,January,1,2023,2023-01,False,False,
2023-01-31,31,Tuesday,5,1,January,1,2023,2023-01,False,False,
2023-02-01,1,Wednesday,5,2,February,1,2023,2023-02,False,False,
2023-02-02,2,Thursday,5,2,February,1,2023,2023-02,False,False,
2023-02-03,3,Friday,5,2,February,1,2023,2023-02,False,False,
2023-02-04,4,Saturday,5,2,February,1,2023,2023-02,True,False,
2023-02-05,5,Sunday,5,2,February,1,2023,2023-02,True,False,
2023-02-06,6,Monday,6,2,February,1,2023,2023-02,False,False,
2023-02-07,7,Tuesday,6,2,February,1,2023,2023-02,False,False,
2023-02-08,8,Wednesday,6,2,February,1,2023,2023-02,False,False,
2023-02-09,9,Thursday,6,2,February,1,2023,2023-02,False,False,
2023-02-10,10,Friday,6,2,February,1,2023,2023-02,False,False,
2023-02-11,11,Saturday,6,2,February,1,2023,2023-02,True,False,
2023-02-12,12,Sunday,6,2,February,1,2023,2023-02,True,False,
2023-02-13,13,Monday,7,2,February,1,2023,2023-02,False,False,
2023-02-14,14,Tuesday,7,2,February,1,2023,2023-02,False,True,Valentine's Day
2023-02-15,15,Wednesday,7,2,February,1,2023,2023-02,False,False,
2023-02-16,16,Thursday,7,2,February,1,2023,2023-02,False,False,
2023-02-17,17,Friday,7,2,February,1,2023,2023-02,False,False,
2023-02-18,18,Saturday,7,2,February,1,2023,2023-02,True,False,
2023-02-19,19,Sunday,7,2,February,1,2023,2023-02,True,False,
2023-02-20,20,Monday,8,2,February,1,2023,2023-02,False,False,
2023-02-21,21,Tuesday,8,2,February,1,2023,2023-02,False,False,
2023-02-22,22,Wednesday,8,2,February,1,2023,2023-02,False,False,
2023-02-23,23,Thursday,8,2,February,1,2023,2023-02,False,False,
2023-02-24,24,Friday,8,2,February,1,2023,2023-02,False,False,
2023-02-25,25,Saturday,8,2,February,1,2023,2023-02,True,False,
2023-02-26,26,Sunday,8,2,February,1,2023,2023-02,True,False,
2023-02-27,27,Monday,9,2,February,1,2023,2023-02,False,False,
2023-02-28,28,Tuesday,9,2,February,1,2023,2023-02,False,False,
2023-03-01,1,Wednesday,9,3,March,1,2023,2023-03,False,False,
2023-03-02,2,Thursday,9,3,March,1,2023,2023-03,False,False,
2023-03-03,3,Friday,9,3,March,1,2023,2023-03,False,False,
2023-03-04,4,Saturday,9,3,March,1,2023,2023-03,True,False,
2023-03-05,5,Sunday,9,3,March,1,2023,2023-03,True,False,
2023-03-06,6,Monday,10,3,March,1,2023,2023-03,False,False,
2023-03-07,7,Tuesday,10,3,March,1,2023,2023-03,False,False,
2023-03-08,8,Wednesday,10,3,March,1,2023,2023-03,False,False,
2023-03-09,9,Thursday,10,3,March,1,2023,2023-03,False,False,
2023-03-10,10,Friday,10,3,March,1,2023,2023-03,False,False,
2023-03-11,11,Saturday,10,3,March,1,2023,2023-03,True,False,
2023-03-12,12,Sunday,10,3,March,1,2023,2023-03,True,False,
2023-03-13,13,Monday,11,3,March,1,2023,2023-03,False,False,
2023-03-14,14,Tuesday,11,3,March,1,2023,2023-03,False,False,
2023-03-15,15,Wednesday,11,3,March,1,2023,2023-03,False,False,
2023-03-16,16,Thursday,11,3,March,1,2023,2023-03,False,False,
2023-03-17,17,Friday,11,3,March,1,2023,2023-03,False,False,
2023-03-18,18,Saturday,11,3,March,1,2023,2023-03,True,False,
2023-03-19,19,Sunday,11,3,March,1,2023,2023-03,True,False,
2023-03-20,20,Monday,12,3,March,1,2023,2023-03,False,False,
2023-03-21,21,Tuesday,12,3,March,1,2023,2023-03,False,False,
2023-03-22,22,Wednesday,12,3,March,1,2023,2023-03,False,False,
2023-03-23,23,Thursday,12,3,March,1,2023,2023-03,False,False,
2023-03-24,24,Friday,12,3,March,1,2023,2023-03,False,False,
2023-03-25,25,Saturday,12,3,March,1,2023,2023-03,True,False,
2023-03-26,26,Sunday,12,3,March,1,2023,2023-03,True,False,
2023-03-27,27,Monday,13,3,March,1,2023,2023-03,False,False,
2023-03-28,28,Tuesday,13,3,March,1,2023,2023-03,False,False,
2023-03-29,29,Wednesday,13,3,March,1,2023,2023-03,False,False,
2023-03-30,30,Thursday,13,3,March,1,2023,2023-03,False,False,
2023-03-31,31,Friday,13,3,March,1,2023,2023-03,False,False,
2023-04-01,1,Saturday,13,4,April,2,2023,2023-04,True,False,
2023-04-02,2,Sunday,13,4,April,2,2023,2023-04,True,False,
2023-04-03,3,Monday,14,4,April,2,2023,2023-04,False,False,
2023-04-04,4,Tuesday,14,4,April,2,2023,2023-04,False,False,
2023-04-05,5,Wednesday,14,4,April,2,2023,2023-04,False,False,
2023-04-06,6,Thursday,14,4,April,2,2023,2023-04,False,False,
2023-04-07,7,Friday,14,4,April,2,2023,2023-04,False,False,
2023-04-08,8,Saturday,14,4,April,2,2023,2023-04,True,False,
2023-04-09,9,Sunday,14,4,April,2,2023,2023-04,True,False,
2023-04-10,10,Monday,15,4,April,2,2023,2023-04,False,False,
2023-04-11,11,Tuesday,15,4,April,2,2023,2023-04,False,False,
2023-04-12,12,Wednesday,15,4,April,2,2023,2023-04,False,False,
2023-04-13,13,Thursday,15,4,April,2,2023,2023-04,False,False,
2023-04-14,14,Friday,15,4,April,2,2023,2023-04,False,False,
2023-04-15,15,Saturday,15,4,April,2,2023,2023-04,True,False,
2023-04-16,16,Sunday,15,4,April,2,2023,2023-04,True,False,
2023-04-17,17,Monday,16,4,April,2,2023,2023-04,False,False,
2023-04-18,18,Tuesday,16,4,April,2,2023,2023-04,False,False,
2023-04-19,19,Wednesday,16,4,April,2,2023,2023-04,False,False,
2023-04-20,20,Thursday,16,4,April,2,2023,2023-04,False,False,
2023-04-21,21,Friday,16,4,April,2,2023,2023-04,False,False,
2023-04-22,22,Saturday,16,4,April,2,2023,2023-04,True,False,
2023-04-23,23,Sunday,16,4,April,2,2023,2023-04,True,False,
2023-04-24,24,Monday,17,4,April,2,2023,2023-04,False,False,
2023-04-25,25,Tuesday,17,4,April,2,2023,2023-04,False,False,
2023-04-26,26,Wednesday,17,4,April,2,2023,2023-04,False,False,
2023-04-27,27,Thursday,17,4,April,2,2023,2023-04,False,False,
2023-04-28,28,Friday,17,4,April,2,2023,2023-04,False,False,
2023-04-29,29,Saturday,17,4,April,2,2023,2023-04,True,False,
2023-04-30,30,Sunday,17,4,April,2,2023,2023-04,True,False,
2023-05-01,1,Monday,18,5,May,2,2023,2023-05,False,False,
2023-05-02,2,Tuesday,18,5,May,2,2023,2023-05,False,False,
2023-05-03,3,Wednesday,18,5,May,2,2023,2023-05,False,False,
2023-05-04,4,Thursday,18,5,May,2,2023,2023-05,False,False,
2023-05-05,5,Friday,18,5,May,2,2023,2023-05,False,False,
2023-05-06,6,Saturday,18,5,May,2,2023,2023-05,True,False,
2023-05-07,7,Sunday,18,5,May,2,2023,2023-05,True,False,
2023-05-08,8,Monday,19,5,May,2,2023,2023-05,False,False,
2023-05-09,9,Tuesday,19,5,May,2,2023,2023-05,False,False,
2023-05-10,10,Wednesday,19,5,May,2,2023,2023-05,False,False,
2023-05-11,11,Thursday,19,5,May,2,2023,2023-05,False,False,
2023-05-12,12,Friday,19,5,May,2,2023,2023-05,False,True,Mother's Day
2023-05-13,13,Saturday,19,5,May,2,2023,2023-05,True,False,
2023-05-14,14,Sunday,19,5,May,2,2023,2023-05,True,False,
2023-05-15,15,Monday,20,5,May,2,2023,2023-05,False,False,
2023-05-16,16,Tuesday,20,5,May,2,2023,2023-05,False,False,
2023-05-17,17,Wednesday,20,5,May,2,2023,2023-05,False,False,
2023-05-18,18,Thursday,20,5,May,2,2023,2023-05,False,False,
2023-05-19,19,Friday,20,5,May,2,2023,2023-05,False,False,
2023-05-20,20,Saturday,20,5,May,2,2023,2023-05,True,False,
2023-05-21,21,Sunday,20,5,May,2,2023,2023-05,True,False,
2023-05-22,22,Monday,21,5,May,2,2023,2023-05,False,False,
2023-05-23,23,Tuesday,21,5,May,2,2023,2023-05,False,False,
2023-05-24,24,Wednesday,21,5,May,2,2023,2023-05,False,False,
2023-05-25,25,Thursday,21,5,May,2,2023,2023-05,False,False,
2023-05-26,26,Friday,21,5,May,2,2023,2023-05,False,False,
2023-05-27,27,Saturday,21,5,May,2,2023,2023-05,True,False,
2023-05-28,28,Sunday,21,5,May,2,2023,2023-05,True,False,
2023-05-29,29,Monday,22,5,May,2,2023,2023-05,False,False,
2023-05-30,30,Tuesday,22,5,May,2,2023,2023-05,False,False,
2023-05-31,31,Wednesday,22,5,May,2,2023,2023-05,False,False,
2023-06-01,1,Thursday,22,6,June,2,2023,2023-06,False,False,
2023-06-02,2,Friday,22,6,June,2,2023,2023-06,False,False,
2023-06-03,3,Saturday,22,6,June,2,2023,2023-06,True,False,
2023-06-04,4,Sunday,22,6,June,2,2023,2023-06,True,False,
2023-06-05,5,Monday,23,6,June,2,2023,2023-06,False,False,
2023-06-06,6,Tuesday,23,6,June,2,2023,2023-06,False,False,
2023-06-07,7,Wednesday,23,6,June,2,2023,2023-06,False,False,
2023-06-08,8,Thursday,23,6,June,2,2023,2023-06,False,False,
2023-06-09,9,Friday,23,6,June,2,2023,2023-06,False,False,
2023-06-10,10,Saturday,23,6,June,2,2023,2023-06,True,False,
2023-06-11,11,Sunday,23,6,June,2,2023,2023-06,True,False,
2023-06-12,12,Monday,24,6,June,2,2023,2023-06,False,False,
2023-06-13,13,Tuesday,24,6,June,2,2023,2023-06,False,False,
2023-06-14,14,Wednesday,24,6,June,2,2023,2023-06,False,False,
2023-06-15,15,Thursday,24,6,June,2,2023,2023-06,False,False,
2023-06-16,16,Friday,24,6,June,2,2023,2023-06,False,True,Father's Day
2023-06-17,17,Saturday,24,6,June,2,2023,2023-06,True,False,
2023-06-18,18,Sunday,24,6,June,2,2023,2023-06,True,False,
2023-06-19,19,Monday,25,6,June,2,2023,2023-06,False,False,
2023-06-20,20,Tuesday,25,6,June,2,2023,2023-06,False,False,
2023-06-21,21,Wednesday,25,6,June,2,2023,2023-06,False,False,
2023-06-22,22,Thursday,25,6,June,2,2023,2023-06,False,False,
2023-06-23,23,Friday,25,6,June,2,2023,2023-06,False,False,
2023-06-24,24,Saturday,25,6,June,2,2023,2023-06,True,False,
2023-06-25,25,Sunday,25,6,June,2,2023,2023-06,True,False,
2023-06-26,26,Monday,26,6,June,2,2023,2023-06,False,False,
2023-06-27,27,Tuesday,26,6,June,2,2023,2023-06,False,False,
2023-06-28,28,Wednesday,26,6,June,2,2023,2023-06,False,False,
2023-06-29,29,Thursday,26,6,June,2,2023,2023-06,False,False,
2023-06-30,30,Friday,26,6,June,2,2023,2023-06,False,False,
2023-07-01,1,Saturday,26,7,July,3,2023,2023-07,True,False,
2023-07-02,2,Sunday,26,7,July,3,2023,2023-07,True,False,
2023-07-03,3,Monday,27,7,July,3,2023,2023-07,False,False,
2023-07-04,4,Tuesday,27,7,July,3,2023,2023-07,False,False,
2023-07-05,5,Wednesday,27,7,July,3,2023,2023-07,False,False,
2023-07-06,6,Thursday,27,7,July,3,2023,2023-07,False,False,
2023-07-07,7,Friday,27,7,July,3,2023,2023-07,False,False,
2023-07-08,8,Saturday,27,7,July,3,2023,2023-07,True,False,
2023-07-09,9,Sunday,27,7,July,3,2023,2023-07,True,False,
2023-07-10,10,Monday,28,7,July,3,2023,2023-07,False,False,
2023-07-11,11,Tuesday,28,7,July,3,2023,2023-07,False,False,
2023-07-12,12,Wednesday,28,7,July,3,2023,2023-07,False,False,
2023-07-13,13,Thursday,28,7,July,3,2023,2023-07,False,False,
2023-07-14,14,Friday,28,7,July,3,2023,2023-07,False,False,
2023-07-15,15,Saturday,28,7,July,3,2023,2023-07,True,False,
2023-07-16,16,Sunday,28,7,July,3,2023,2023-07,True,False,
2023-07-17,17,Monday,29,7,July,3,2023,2023-07,False,False,
2023-07-18,18,Tuesday,29,7,July,3,2023,2023-07,False,False,
2023-07-19,19,Wednesday,29,7,July,3,2023,2023-07,False,False,
2023-07-20,20,Thursday,29,7,July,3,2023,2023-07,False,False,
2023-07-21,21,Friday,29,7,July,3,2023,2023-07,False,False,
2023-07-22,22,Saturday,29,7,July,3,2023,2023-07,True,False,
2023-07-23,23,Sunday,29,7,July,3,2023,2023-07,True,False,
2023-07-24,24,Monday,30,7,July,3,2023,2023-07,False,False,
2023-07-25,25,Tuesday,30,7,July,3,2023,2023-07,False,False,
2023-07-26,26,Wednesday,30,7,July,3,2023,2023-07,False,False,
2023-07-27,27,Thursday,30,7,July,3,2023,2023-07,False,False,
2023-07-28,28,Friday,30,7,July,3,2023,2023-07,False,False,
2023-07-29,29,Saturday,30,7,July,3,2023,2023-07,True,False,
2023-07-30,30,Sunday,30,7,July,3,2023,2023-07,True,False,
2023-07-31,31,Monday,31,7,July,3,2023,2023-07,False,False,
2023-08-01,1,Tuesday,31,8,August,3,2023,2023-08,False,False,
2023-08-02,2,Wednesday,31,8,August,3,2023,2023-08,False,False,
2023-08-03,3,Thursday,31,8,August,3,2023,2023-08,False,False,
2023-08-04,4,Friday,31,8,August,3,2023,2023-08,False,False,
2023-08-05,5,Saturday,31,8,August,3,2023,2023-08,True,False,
2023-08-06,6,Sunday,31,8,August,3,2023,2023-08,True,False,
2023-08-07,7,Monday,32,8,August,3,2023,2023-08,False,False,
2023-08-08,8,Tuesday,32,8,August,3,2023,2023-08,False,False,
2023-08-09,9,Wednesday,32,8,August,3,2023,2023-08,False,False,
2023-08-10,10,Thursday,32,8,August,3,2023,2023-08,False,False,
2023-08-11,11,Friday,32,8,August,3,2023,2023-08,False,False,
2023-08-12,12,Saturday,32,8,August,3,2023,2023-08,True,False,
2023-08-13,13,Sunday,32,8,August,3,2023,2023-08,True,False,
2023-08-14,14,Monday,33,8,August,3,2023,2023-08,False,False,
2023-08-15,15,Tuesday,33,8,August,3,2023,2023-08,False,False,
2023-08-16,16,Wednesday,33,8,August,3,2023,2023-08,False,False,
2023-08-17,17,Thursday,33,8,August,3,2023,2023-08,False,False,
2023-08-18,18,Friday,33,8,August,3,2023,2023-08,False,False,
2023-08-19,19,Saturday,33,8,August,3,2023,2023-08,True,False,
2023-08-20,20,Sunday,33,8,August,3,2023,2023-08,True,False,
2023-08-21,21,Monday,34,8,August,3,2023,2023-08,False,False,
2023-08-22,22,Tuesday,34,8,August,3,2023,2023-08,False,False,
2023-08-23,23,Wednesday,34,8,August,3,2023,2023-08,False,False,
2023-08-24,24,Thursday,34,8,August,3,2023,2023-08,False,False,
2023-08-25,25,Friday,34,8,August,3,2023,2023-08,False,False,
2023-08-26,26,Saturday,34,8,August,3,2023,2023-08,True,False,
2023-08-27,27,Sunday,34,8,August,3,2023,2023-08,True,False,
2023-08-28,28,Monday,35,8,August,3,2023,2023-08,False,False,
2023-08-29,29,Tuesday,35,8,August,3,2023,2023-08,False,False,
2023-08-30,30,Wednesday,35,8,August,3,2023,2023-08,False,False,
2023-08-31,31,Thursday,35,8,August,3,2023,2023-08,False,False,
2023-09-01,1,Friday,35,9,September,3,2023,2023-09,False,False,
2023-09-02,2,Saturday,35,9,September,3,2023,2023-09,True,False,
2023-09-03,3,Sunday,35,9,September,3,2023,2023-09,True,False,
2023-09-04,4,Monday,36,9,September,3,2023,2023-09,False,False,
2023-09-05,5,Tuesday,36,9,September,3,2023,2023-09,False,False,
2023-09-06,6,Wednesday,36,9,September,3,2023,2023-09,False,False,
2023-09-07,7,Thursday,36,9,September,3,2023,2023-09,False,False,
2023-09-08,8,Friday,36,9,September,3,2023,2023-09,False,False,
2023-09-09,9,Saturday,36,9,September,3,2023,2023-09,True,False,
2023-09-10,10,Sunday,36,9,September,3,2023,2023-09,True,False,
2023-09-11,11,Monday,37,9,September,3,2023,2023-09,False,False,
2023-09-12,12,Tuesday,37,9,September,3,2023,2023-09,False,False,
2023-09-13,13,Wednesday,37,9,September,3,2023,2023-09,False,False,
2023-09-14,14,Thursday,37,9,September,3,2023,2023-09,False,False,
2023-09-15,15,Friday,37,9,September,3,2023,2023-09,False,False,
2023-09-16,16,Saturday,37,9,September,3,2023,2023-09,True,False,
2023-09-17,17,Sunday,37,9,September,3,2023,2023-09,True,False,
2023-09-18,18,Monday,38,9,September,3,2023,2023-09,False,False,
2023-09-19,19,Tuesday,38,9,September,3,2023,2023-09,False,False,
2023-09-20,20,Wednesday,38,9,September,3,2023,2023-09,False,False,
2023-09-21,21,Thursday,38,9,September,3,2023,2023-09,False,False,
2023-09-22,22,Friday,38,9,September,3,2023,2023-09,False,False,
2023-09-23,23,Saturday,38,9,September,3,2023,2023-09,True,False,
2023-09-24,24,Sunday,38,9,September,3,2023,2023-09,True,False,
2023-09-25,25,Monday,39,9,September,3,2023,2023-09,False,False,
2023-09-26,26,Tuesday,39,9,September,3,2023,2023-09,False,False,
2023-09-27,27,Wednesday,39,9,September,3,2023,2023-09,False,False,
2023-09-28,28,Thursday,39,9,September,3,2023,2023-09,False,False,
2023-09-29,29,Friday,39,9,September,3,2023,2023-09,False,False,
2023-09-30,30,Saturday,39,9,September,3,2023,2023-09,True,False,
2023-10-01,1,Sunday,39,10,October,4,2023,2023-10,True,False,
2023-10-02,2,Monday,40,10,October,4,2023,2023-10,False,False,
2023-10-03,3,Tuesday,40,10,October,4,2023,2023-10,False,False,
2023-10-04,4,Wednesday,40,10,October,4,2023,2023-10,False,False,
2023-10-05,5,Thursday,40,10,October,4,2023,2023-10,False,False,
2023-10-06,6,Friday,40,10,October,4,2023,2023-10,False,False,
2023-10-07,7,Saturday,40,10,October,4,2023,2023-10,True,False,
2023-10-08,8,Sunday,40,10,October,4,2023,2023-10,True,False,
2023-10-09,9,Monday,41,10,October,4,2023,2023-10,False,False,
2023-10-10,10,Tuesday,41,10,October,4,2023,2023-10,False,False,
2023-10-11,11,Wednesday,41,10,October,4,2023,2023-10,False,False,
2023-10-12,12,Thursday,41,10,October,4,2023,2023-10,False,False,
2023-10-13,13,Friday,41,10,October,4,2023,2023-10,False,False,
2023-10-14,14,Saturday,41,10,October,4,2023,2023-10,True,False,
2023-10-15,15,Sunday,41,10,October,4,2023,2023-10,True,False,
2023-10-16,16,Monday,42,10,October,4,2023,2023-10,False,False,
2023-10-17,17,Tuesday,42,10,October,4,2023,2023-10,False,False,
2023-10-18,18,Wednesday,42,10,October,4,2023,2023-10,False,False,
2023-10-19,19,Thursday,42,10,October,4,2023,2023-10,False,False,
2023-10-20,20,Friday,42,10,October,4,2023,2023-10,False,False,
2023-10-21,21,Saturday,42,10,October,4,2023,2023-10,True,False,
2023-10-22,22,Sunday,42,10,October,4,2023,2023-10,True,False,
2023-10-23,23,Monday,43,10,October,4,2023,2023-10,False,False,
2023-10-24,24,Tuesday,43,10,October,4,2023,2023-10,False,False,
2023-10-25,25,Wednesday,43,10,October,4,2023,2023-10,False,False,
2023-10-26,26,Thursday,43,10,October,4,2023,2023-10,False,False,
2023-10-27,27,Friday,43,10,October,4,2023,2023-10,False,False,
2023-10-28,28,Saturday,43,10,October,4,2023,2023-10,True,False,
2023-10-29,29,Sunday,43,10,October,4,2023,2023-10,True,False,
2023-10-30,30,Monday,44,10,October,4,2023,2023-10,False,False,
2023-10-31,31,Tuesday,44,10,October,4,2023,2023-10,False,False,
2023-11-01,1,Wednesday,44,11,November,4,2023,2023-11,False,False,
2023-11-02,2,Thursday,44,11,November,4,2023,2023-11,False,False,
2023-11-03,3,Friday,44,11,November,4,2023,2023-11,False,False,
2023-11-04,4,Saturday,44,11,November,4,2023,2023-11,True,False,
2023-11-05,5,Sunday,44,11,November,4,2023,2023-11,True,False,
2023-11-06,6,Monday,45,11,November,4,2023,2023-11,False,False,
2023-11-07,7,Tuesday,45,11,November,4,2023,2023-11,False,False,
2023-11-08,8,Wednesday,45,11,November,4,2023,2023-11,False,False,
2023-11-09,9,Thursday,45,11,November,4,2023,2023-11,False,False,
2023-11-10,10,Friday,45,11,November,4,2023,2023-11,False,False,
2023-11-11,11,Saturday,45,11,November,4,2023,2023-11,True,False,
2023-11-12,12,Sunday,45,11,November,4,2023,2023-11,True,False,
2023-11-13,13,Monday,46,11,November,4,2023,2023-11,False,False,
2023-11-14,14,Tuesday,46,11,November,4,2023,2023-11,False,False,
2023-11-15,15,Wednesday,46,11,November,4,2023,2023-11,False,False,
2023-11-16,16,Thursday,46,11,November,4,2023,2023-11,False,False,
2023-11-17,17,Friday,46,11,November,4,2023,2023-11,False,False,
2023-11-18,18,Saturday,46,11,November,4,2023,2023-11,True,False,
2023-11-19,19,Sunday,46,11,November,4,2023,2023-11,True,False,
2023-11-20,20,Monday,47,11,November,4,2023,2023-11,False,False,
2023-11-21,21,Tuesday,47,11,November,4,2023,2023-11,False,False,
2023-11-22,22,Wednesday,47,11,November,4,2023,2023-11,False,False,
2023-11-23,23,Thursday,47,11,November,4,2023,2023-11,False,False,
2023-11-24,24,Friday,47,11,November,4,2023,2023-11,False,True,Black Friday
2023-11-25,25,Saturday,47,11,November,4,2023,2023-11,True,False,
2023-11-26,26,Sunday,47,11,November,4,2023,2023-11,True,False,
2023-11-27,27,Monday,48,11,November,4,2023,2023-11,False,True,Cyber Monday
2023-11-28,28,Tuesday,48,11,November,4,2023,2023-11,False,False,
2023-11-29,29,Wednesday,48,11,November,4,2023,2023-11,False,False,
2023-11-30,30,Thursday,48,11,November,4,2023,2023-11,False,False,
2023-12-01,1,Friday,48,12,December,4,2023,2023-12,False,False,
2023-12-02,2,Saturday,48,12,December,4,2023,2023-12,True,False,
2023-12-03,3,Sunday,48,12,December,4,2023,2023-12,True,False,
2023-12-04,4,Monday,49,12,December,4,2023,2023-12,False,False,
2023-12-05,5,Tuesday,49,12,December,4,2023,2023-12,False,False,
2023-12-06,6,Wednesday,49,12,December,4,2023,2023-12,False,False,
2023-12-07,7,Thursday,49,12,December,4,2023,2023-12,False,False,
2023-12-08,8,Friday,49,12,December,4,2023,2023-12,False,False,
2023-12-09,9,Saturday,49,12,December,4,2023,2023-12,True,False,
2023-12-10,10,Sunday,49,12,December,4,2023,2023-12,True,False,
2023-12-11,11,Monday,50,12,December,4,2023,2023-12,False,False,
2023-12-12,12,Tuesday,50,12,December,4,2023,2023-12,False,False,
2023-12-13,13,Wednesday,50,12,December,4,2023,2023-12,False,False,
2023-12-14,14,Thursday,50,12,December,4,2023,2023-12,False,False,
2023-12-15,15,Friday,50,12,December,4,2023,2023-12,False,False,
2023-12-16,16,Saturday,50,12,December,4,2023,2023-12,True,False,
2023-12-17,17,Sunday,50,12,December,4,2023,2023-12,True,False,
2023-12-18,18,Monday,51,12,December,4,2023,2023-12,False,False,
2023-12-19,19,Tuesday,51,12,December,4,2023,2023-12,False,False,
2023-12-20,20,Wednesday,51,12,December,4,2023,2023-12,False,False,
2023-12-21,21,Thursday,51,12,December,4,2023,2023-12,False,False,
2023-12-22,22,Friday,51,12,December,4,2023,2023-12,False,False,
2023-12-23,23,Saturday,51,12,December,4,2023,2023-12,True,False,
2023-12-24,24,Sunday,51,12,December,4,2023,2023-12,True,False,
2023-12-25,25,Monday,52,12,December,4,2023,2023-12,False,True,Christmas
2023-12-26,26,Tuesday,52,12,December,4,2023,2023-12,False,False,
2023-12-27,27,Wednesday,52,12,December,4,2023,2023-12,False,False,
2023-12-28,28,Thursday,52,12,December,4,2023,2023-12,False,False,
2023-12-29,29,Friday,52,12,December,4,2023,2023-12,False,False,
2023-12-30,30,Saturday,52,12,December,4,2023,2023-12,True,True,Year-End Sale
2023-12-31,31,Sunday,52,12,December,4,2023,2023-12,True,False,
2024-01-01,1,Monday,1,1,January,1,2024,2024-01,False,True,New Year
2024-01-02,2,Tuesday,1,1,January,1,2024,2024-01,False,False,
2024-01-03,3,Wednesday,1,1,January,1,2024,2024-01,False,False,
2024-01-04,4,Thursday,1,1,January,1,2024,2024-01,False,False,
2024-01-05,5,Friday,1,1,January,1,2024,2024-01,False,False,
2024-01-06,6,Saturday,1,1,January,1,2024,2024-01,True,False,
2024-01-07,7,Sunday,1,1,January,1,2024,2024-01,True,False,
2024-01-08,8,Monday,2,1,January,1,2024,2024-01,False,False,
2024-01-09,9,Tuesday,2,1,January,1,2024,2024-01,False,False,
2024-01-10,10,Wednesday,2,1,January,1,2024,2024-01,False,False,
2024-01-11,11,Thursday,2,1,January,1,2024,2024-01,False,False,
2024-01-12,12,Friday,2,1,January,1,2024,2024-01,False,False,
2024-01-13,13,Saturday,2,1,January,1,2024,2024-01,True,False,
2024-01-14,14,Sunday,2,1,January,1,2024,2024-01,True,False,
2024-01-15,15,Monday,3,1,January,1,2024,2024-01,False,False,
2024-01-16,16,Tuesday,3,1,January,1,2024,2024-01,False,False,
2024-01-17,17,Wednesday,3,1,January,1,2024,2024-01,False,False,
2024-01-18,18,Thursday,3,1,January,1,2024,2024-01,False,False,
2024-01-19,19,Friday,3,1,January,1,2024,2024-01,False,False,
2024-01-20,20,Saturday,3,1,January,1,2024,2024-01,True,False,
2024-01-21,21,Sunday,3,1,January,1,2024,2024-01,True,False,
2024-01-22,22,Monday,4,1,January,1,2024,2024-01,False,False,
2024-01-23,23,Tuesday,4,1,January,1,2024,2024-01,False,False,
2024-01-24,24,Wednesday,4,1,January,1,2024,2024-01,False,False,
2024-01-25,25,Thursday,4,1,January,1,2024,2024-01,False,False,
2024-01-26,26,Friday,4,1,January,1,2024,2024-01,False,False,
2024-01-27,27,Saturday,4,1,January,1,2024,2024-01,True,False,
2024-01-28,28,Sunday,4,1,January,1,2024,2024-01,True,False,
2024-01-29,29,Monday,5,1,January,1,2024,2024-01,False,False,
2024-01-30,30,Tuesday,5,1,January,1,2024,2024-01,False,False,
2024-01-31,31,Wednesday,5,1,January,1,2024,2024-01,False,False,
2024-02-01,1,Thursday,5,2,February,1,2024,2024-02,False,False,
2024-02-02,2,Friday,5,2,February,1,2024,2024-02,False,False,
2024-02-03,3,Saturday,5,2,February,1,2024,2024-02,True,False,
2024-02-04,4,Sunday,5,2,February,1,2024,2024-02,True,False,
2024-02-05,5,Monday,6,2,February,1,2024,2024-02,False,False,
2024-02-06,6,Tuesday,6,2,February,1,2024,2024-02,False,False,
2024-02-07,7,Wednesday,6,2,February,1,2024,2024-02,False,False,
2024-02-08,8,Thursday,6,2,February,1,2024,2024-02,False,False,
2024-02-09,9,Friday,6,2,February,1,2024,2024-02,False,False,
2024-02-10,10,Saturday,6,2,February,1,2024,2024-02,True,False,
2024-02-11,11,Sunday,6,2,February,1,2024,2024-02,True,False,
2024-02-12,12,Monday,7,2,February,1,2024,2024-02,False,False,
2024-02-13,13,Tuesday,7,2,February,1,2024,2024-02,False,False,
2024-02-14,14,Wednesday,7,2,February,1,2024,2024-02,False,True,Valentine's Day
2024-02-15,15,Thursday,7,2,February,1,2024,2024-02,False,False,
2024-02-16,16,Friday,7,2,February,1,2024,2024-02,False,False,
2024-02-17,17,Saturday,7,2,February,1,2024,2024-02,True,False,
2024-02-18,18,Sunday,7,2,February,1,2024,2024-02,True,False,
2024-02-19,19,Monday,8,2,February,1,2024,2024-02,False,False,
2024-02-20,20,Tuesday,8,2,February,1,2024,2024-02,False,False,
2024-02-21,21,Wednesday,8,2,February,1,2024,2024-02,False,False,
2024-02-22,22,Thursday,8,2,February,1,2024,2024-02,False,False,
2024-02-23,23,Friday,8,2,February,1,2024,2024-02,False,False,
2024-02-24,24,Saturday,8,2,February,1,2024,2024-02,True,False,
2024-02-25,25,Sunday,8,2,February,1,2024,2024-02,True,False,
2024-02-26,26,Monday,9,2,February,1,2024,2024-02,False,False,
2024-02-27,27,Tuesday,9,2,February,1,2024,2024-02,False,False,
2024-02-28,28,Wednesday,9,2,February,1,2024,2024-02,False,False,
2024-02-29,29,Thursday,9,2,February,1,2024,2024-02,False,False,
2024-03-01,1,Friday,9,3,March,1,2024,2024-03,False,False,
2024-03-02,2,Saturday,9,3,March,1,2024,2024-03,True,False,
2024-03-03,3,Sunday,9,3,March,1,2024,2024-03,True,False,
2024-03-04,4,Monday,10,3,March,1,2024,2024-03,False,False,
2024-03-05,5,Tuesday,10,3,March,1,2024,2024-03,False,False,
2024-03-06,6,Wednesday,10,3,March,1,2024,2024-03,False,False,
2024-03-07,7,Thursday,10,3,March,1,2024,2024-03,False,False,
2024-03-08,8,Friday,10,3,March,1,2024,2024-03,False,False,
2024-03-09,9,Saturday,10,3,March,1,2024,2024-03,True,False,
2024-03-10,10,Sunday,10,3,March,1,2024,2024-03,True,False,
2024-03-11,11,Monday,11,3,March,1,2024,2024-03,False,False,
2024-03-12,12,Tuesday,11,3,March,1,2024,2024-03,False,False,
2024-03-13,13,Wednesday,11,3,March,1,2024,2024-03,False,False,
2024-03-14,14,Thursday,11,3,March,1,2024,2024-03,False,False,
2024-03-15,15,Friday,11,3,March,1,2024,2024-03,False,False,
2024-03-16,16,Saturday,11,3,March,1,2024,2024-03,True,False,
2024-03-17,17,Sunday,11,3,March,1,2024,2024-03,True,False,
2024-03-18,18,Monday,12,3,March,1,2024,2024-03,False,False,
2024-03-19,19,Tuesday,12,3,March,1,2024,2024-03,False,False,
2024-03-20,20,Wednesday,12,3,March,1,2024,2024-03,False,False,
2024-03-21,21,Thursday,12,3,March,1,2024,2024-03,False,False,
2024-03-22,22,Friday,12,3,March,1,2024,2024-03,False,False,
2024-03-23,23,Saturday,12,3,March,1,2024,2024-03,True,False,
2024-03-24,24,Sunday,12,3,March,1,2024,2024-03,True,False,
2024-03-25,25,Monday,13,3,March,1,2024,2024-03,False,False,
2024-03-26,26,Tuesday,13,3,March,1,2024,2024-03,False,False,
2024-03-27,27,Wednesday,13,3,March,1,2024,2024-03,False,False,
2024-03-28,28,Thursday,13,3,March,1,2024,2024-03,False,False,
2024-03-29,29,Friday,13,3,March,1,2024,2024-03,False,False,
2024-03-30,30,Saturday,13,3,March,1,2024,2024-03,True,False,
2024-03-31,31,Sunday,13,3,March,1,2024,2024-03,True,False,
2024-04-01,1,Monday,14,4,April,2,2024,2024-04,False,False,
2024-04-02,2,Tuesday,14,4,April,2,2024,2024-04,False,False,
2024-04-03,3,Wednesday,14,4,April,2,2024,2024-04,False,False,
2024-04-04,4,Thursday,14,4,April,2,2024,2024-04,False,False,
2024-04-05,5,Friday,14,4,April,2,2024,2024-04,False,False,
2024-04-06,6,Saturday,14,4,April,2,2024,2024-04,True,False,
2024-04-07,7,Sunday,14,4,April,2,2024,2024-04,True,False,
2024-04-08,8,Monday,15,4,April,2,2024,2024-04,False,False,
2024-04-09,9,Tuesday,15,4,April,2,2024,2024-04,False,False,
2024-04-10,10,Wednesday,15,4,April,2,2024,2024-04,False,False,
2024-04-11,11,Thursday,15,4,April,2,2024,2024-04,False,False,
2024-04-12,12,Friday,15,4,April,2,2024,2024-04,False,False,
2024-04-13,13,Saturday,15,4,April,2,2024,2024-04,True,False,
2024-04-14,14,Sunday,15,4,April,2,2024,2024-04,True,False,
2024-04-15,15,Monday,16,4,April,2,2024,2024-04,False,False,
2024-04-16,16,Tuesday,16,4,April,2,2024,2024-04,False,False,
2024-04-17,17,Wednesday,16,4,April,2,2024,2024-04,False,False,
2024-04-18,18,Thursday,16,4,April,2,2024,2024-04,False,False,
2024-04-19,19,Friday,16,4,April,2,2024,2024-04,False,False,
2024-04-20,20,Saturday,16,4,April,2,2024,2024-04,True,False,
2024-04-21,21,Sunday,16,4,April,2,2024,2024-04,True,False,
2024-04-22,22,Monday,17,4,April,2,2024,2024-04,False,False,
2024-04-23,23,Tuesday,17,4,April,2,2024,2024-04,False,False,
2024-04-24,24,Wednesday,17,4,April,2,2024,2024-04,False,False,
2024-04-25,25,Thursday,17,4,April,2,2024,2024-04,False,False,
2024-04-26,26,Friday,17,4,April,2,2024,2024-04,False,False,
2024-04-27,27,Saturday,17,4,April,2,2024,2024-04,True,False,
2024-04-28,28,Sunday,17,4,April,2,2024,2024-04,True,False,
2024-04-29,29,Monday,18,4,April,2,2024,2024-04,False,False,
2024-04-30,30,Tuesday,18,4,April,2,2024,2024-04,False,False,
2024-05-01,1,Wednesday,18,5,May,2,2024,2024-05,False,False,
2024-05-02,2,Thursday,18,5,May,2,2024,2024-05,False,False,
2024-05-03,3,Friday,18,5,May,2,2024,2024-05,False,False,
2024-05-04,4,Saturday,18,5,May,2,2024,2024-05,True,False,
2024-05-05,5,Sunday,18,5,May,2,2024,2024-05,True,False,
2024-05-06,6,Monday,19,5,May,2,2024,2024-05,False,False,
2024-05-07,7,Tuesday,19,5,May,2,2024,2024-05,False,False,
2024-05-08,8,Wednesday,19,5,May,2,2024,2024-05,False,False,
2024-05-09,9,Thursday,19,5,May,2,2024,2024-05,False,False,
2024-05-10,10,Friday,19,5,May,2,2024,2024-05,False,False,
2024-05-11,11,Saturday,19,5,May,2,2024,2024-05,True,False,
2024-05-12,12,Sunday,19,5,May,2,2024,2024-05,True,True,Mother's Day
2024-05-13,13,Monday,20,5,May,2,2024,2024-05,False,False,
2024-05-14,14,Tuesday,20,5,May,2,2024,2024-05,False,False,
2024-05-15,15,Wednesday,20,5,May,2,2024,2024-05,False,False,
2024-05-16,16,Thursday,20,5,May,2,2024,2024-05,False,False,
2024-05-17,17,Friday,20,5,May,2,2024,2024-05,False,False,
2024-05-18,18,Saturday,20,5,May,2,2024,2024-05,True,False,
2024-05-19,19,Sunday,20,5,May,2,2024,2024-05,True,False,
2024-05-20,20,Monday,21,5,May,2,2024,2024-05,False,False,
2024-05-21,21,Tuesday,21,5,May,2,2024,2024-05,False,False,
2024-05-22,22,Wednesday,21,5,May,2,2024,2024-05,False,False,
2024-05-23,23,Thursday,21,5,May,2,2024,2024-05,False,False,
2024-05-24,24,Friday,21,5,May,2,2024,2024-05,False,False,
2024-05-25,25,Saturday,21,5,May,2,2024,2024-05,True,False,
2024-05-26,26,Sunday,21,5,May,2,2024,2024-05,True,False,
2024-05-27,27,Monday,22,5,May,2,2024,2024-05,False,False,
2024-05-28,28,Tuesday,22,5,May,2,2024,2024-05,False,False,
2024-05-29,29,Wednesday,22,5,May,2,2024,2024-05,False,False,
2024-05-30,30,Thursday,22,5,May,2,2024,2024-05,False,False,
2024-05-31,31,Friday,22,5,May,2,2024,2024-05,False,False,
2024-06-01,1,Saturday,22,6,June,2,2024,2024-06,True,False,
2024-06-02,2,Sunday,22,6,June,2,2024,2024-06,True,False,
2024-06-03,3,Monday,23,6,June,2,2024,2024-06,False,False,
2024-06-04,4,Tuesday,23,6,June,2,2024,2024-06,False,False,
2024-06-05,5,Wednesday,23,6,June,2,2024,2024-06,False,False,
2024-06-06,6,Thursday,23,6,June,2,2024,2024-06,False,False,
2024-06-07,7,Friday,23,6,June,2,2024,2024-06,False,False,
2024-06-08,8,Saturday,23,6,June,2,2024,2024-06,True,False,
2024-06-09,9,Sunday,23,6,June,2,2024,2024-06,True,False,
2024-06-10,10,Monday,24,6,June,2,2024,2024-06,False,False,
2024-06-11,11,Tuesday,24,6,June,2,2024,2024-06,False,False,
2024-06-12,12,Wednesday,24,6,June,2,2024,2024-06,False,False,
2024-06-13,13,Thursday,24,6,June,2,2024,2024-06,False,False,
2024-06-14,14,Friday,24,6,June,2,2024,2024-06,False,False,
2024-06-15,15,Saturday,24,6,June,2,2024,2024-06,True,False,
2024-06-16,16,Sunday,24,6,June,2,2024,2024-06,True,True,Father's Day
2024-06-17,17,Monday,25,6,June,2,2024,2024-06,False,False,
2024-06-18,18,Tuesday,25,6,June,2,2024,2024-06,False,False,
2024-06-19,19,Wednesday,25,6,June,2,2024,2024-06,False,False,
2024-06-20,20,Thursday,25,6,June,2,2024,2024-06,False,False,
2024-06-21,21,Friday,25,6,June,2,2024,2024-06,False,False,
2024-06-22,22,Saturday,25,6,June,2,2024,2024-06,True,False,
2024-06-23,23,Sunday,25,6,June,2,2024,2024-06,True,False,
2024-06-24,24,Monday,26,6,June,2,2024,2024-06,False,False,
2024-06-25,25,Tuesday,26,6,June,2,2024,2024-06,False,False,
2024-06-26,26,Wednesday,26,6,June,2,2024,2024-06,False,False,
2024-06-27,27,Thursday,26,6,June,2,2024,2024-06,False,False,
2024-06-28,28,Friday,26,6,June,2,2024,2024-06,False,False,
2024-06-29,29,Saturday,26,6,June,2,2024,2024-06,True,False,
2024-06-30,30,Sunday,26,6,June,2,2024,2024-06,True,False,
2024-07-01,1,Monday,27,7,July,3,2024,2024-07,False,False,
2024-07-02,2,Tuesday,27,7,July,3,2024,2024-07,False,False,
2024-07-03,3,Wednesday,27,7,July,3,2024,2024-07,False,False,
2024-07-04,4,Thursday,27,7,July,3,2024,2024-07,False,False,
2024-07-05,5,Friday,27,7,July,3,2024,2024-07,False,False,
2024-07-06,6,Saturday,27,7,July,3,2024,2024-07,True,False,
2024-07-07,7,Sunday,27,7,July,3,2024,2024-07,True,False,
2024-07-08,8,Monday,28,7,July,3,2024,2024-07,False,False,
2024-07-09,9,Tuesday,28,7,July,3,2024,2024-07,False,False,
2024-07-10,10,Wednesday,28,7,July,3,2024,2024-07,False,False,
2024-07-11,11,Thursday,28,7,July,3,2024,2024-07,False,False,
2024-07-12,12,Friday,28,7,July,3,2024,2024-07,False,False,
2024-07-13,13,Saturday,28,7,July,3,2024,2024-07,True,False,
2024-07-14,14,Sunday,28,7,July,3,2024,2024-07,True,False,
2024-07-15,15,Monday,29,7,July,3,2024,2024-07,False,False,
2024-07-16,16,Tuesday,29,7,July,3,2024,2024-07,False,False,
2024-07-17,17,Wednesday,29,7,July,3,2024,2024-07,False,False,
2024-07-18,18,Thursday,29,7,July,3,2024,2024-07,False,False,
2024-07-19,19,Friday,29,7,July,3,2024,2024-07,False,False,
2024-07-20,20,Saturday,29,7,July,3,2024,2024-07,True,False,
2024-07-21,21,Sunday,29,7,July,3,2024,2024-07,True,False,
2024-07-22,22,Monday,30,7,July,3,2024,2024-07,False,False,
2024-07-23,23,Tuesday,30,7,July,3,2024,2024-07,False,False,
2024-07-24,24,Wednesday,30,7,July,3,2024,2024-07,False,False,
2024-07-25,25,Thursday,30,7,July,3,2024,2024-07,False,False,
2024-07-26,26,Friday,30,7,July,3,2024,2024-07,False,False,
2024-07-27,27,Saturday,30,7,July,3,2024,2024-07,True,False,
2024-07-28,28,Sunday,30,7,July,3,2024,2024-07,True,False,
2024-07-29,29,Monday,31,7,July,3,2024,2024-07,False,False,
2024-07-30,30,Tuesday,31,7,July,3,2024,2024-07,False,False,
2024-07-31,31,Wednesday,31,7,July,3,2024,2024-07,False,False,
2024-08-01,1,Thursday,31,8,August,3,2024,2024-08,False,False,
2024-08-02,2,Friday,31,8,August,3,2024,2024-08,False,False,
2024-08-03,3,Saturday,31,8,August,3,2024,2024-08,True,False,
2024-08-04,4,Sunday,31,8,August,3,2024,2024-08,True,False,
2024-08-05,5,Monday,32,8,August,3,2024,2024-08,False,False,
2024-08-06,6,Tuesday,32,8,August,3,2024,2024-08,False,False,
2024-08-07,7,Wednesday,32,8,August,3,2024,2024-08,False,False,
2024-08-08,8,Thursday,32,8,August,3,2024,2024-08,False,False,
2024-08-09,9,Friday,32,8,August,3,2024,2024-08,False,False,
2024-08-10,10,Saturday,32,8,August,3,2024,2024-08,True,False,
2024-08-11,11,Sunday,32,8,August,3,2024,2024-08,True,False,
2024-08-12,12,Monday,33,8,August,3,2024,2024-08,False,False,
2024-08-13,13,Tuesday,33,8,August,3,2024,2024-08,False,False,
2024-08-14,14,Wednesday,33,8,August,3,2024,2024-08,False,False,
2024-08-15,15,Thursday,33,8,August,3,2024,2024-08,False,False,
2024-08-16,16,Friday,33,8,August,3,2024,2024-08,False,False,
2024-08-17,17,Saturday,33,8,August,3,2024,2024-08,True,False,
2024-08-18,18,Sunday,33,8,August,3,2024,2024-08,True,False,
2024-08-19,19,Monday,34,8,August,3,2024,2024-08,False,False,
2024-08-20,20,Tuesday,34,8,August,3,2024,2024-08,False,False,
2024-08-21,21,Wednesday,34,8,August,3,2024,2024-08,False,False,
2024-08-22,22,Thursday,34,8,August,3,2024,2024-08,False,False,
2024-08-23,23,Friday,34,8,August,3,2024,2024-08,False,False,
2024-08-24,24,Saturday,34,8,August,3,2024,2024-08,True,False,
2024-08-25,25,Sunday,34,8,August,3,2024,2024-08,True,False,
2024-08-26,26,Monday,35,8,August,3,2024,2024-08,False,False,
2024-08-27,27,Tuesday,35,8,August,3,2024,2024-08,False,False,
2024-08-28,28,Wednesday,35,8,August,3,2024,2024-08,False,False,
2024-08-29,29,Thursday,35,8,August,3,2024,2024-08,False,False,
2024-08-30,30,Friday,35,8,August,3,2024,2024-08,False,False,
2024-08-31,31,Saturday,35,8,August,3,2024,2024-08,True,False,
2024-09-01,1,Sunday,35,9,September,3,2024,2024-09,True,False,
2024-09-02,2,Monday,36,9,September,3,2024,2024-09,False,False,
2024-09-03,3,Tuesday,36,9,September,3,2024,2024-09,False,False,
2024-09-04,4,Wednesday,36,9,September,3,2024,2024-09,False,False,
2024-09-05,5,Thursday,36,9,September,3,2024,2024-09,False,False,
2024-09-06,6,Friday,36,9,September,3,2024,2024-09,False,False,
2024-09-07,7,Saturday,36,9,September,3,2024,2024-09,True,False,
2024-09-08,8,Sunday,36,9,September,3,2024,2024-09,True,False,
2024-09-09,9,Monday,37,9,September,3,2024,2024-09,False,False,
2024-09-10,10,Tuesday,37,9,September,3,2024,2024-09,False,False,
2024-09-11,11,Wednesday,37,9,September,3,2024,2024-09,False,False,
2024-09-12,12,Thursday,37,9,September,3,2024,2024-09,False,False,
2024-09-13,13,Friday,37,9,September,3,2024,2024-09,False,False,
2024-09-14,14,Saturday,37,9,September,3,2024,2024-09,True,False,
2024-09-15,15,Sunday,37,9,September,3,2024,2024-09,True,False,
2024-09-16,16,Monday,38,9,September,3,2024,2024-09,False,False,
2024-09-17,17,Tuesday,38,9,September,3,2024,2024-09,False,False,
2024-09-18,18,Wednesday,38,9,September,3,2024,2024-09,False,False,
2024-09-19,19,Thursday,38,9,September,3,2024,2024-09,False,False,
2024-09-20,20,Friday,38,9,September,3,2024,2024-09,False,False,
2024-09-21,21,Saturday,38,9,September,3,2024,2024-09,True,False,
2024-09-22,22,Sunday,38,9,September,3,2024,2024-09,True,False,
2024-09-23,23,Monday,39,9,September,3,2024,2024-09,False,False,
2024-09-24,24,Tuesday,39,9,September,3,2024,2024-09,False,False,
2024-09-25,25,Wednesday,39,9,September,3,2024,2024-09,False,False,
2024-09-26,26,Thursday,39,9,September,3,2024,2024-09,False,False,
2024-09-27,27,Friday,39,9,September,3,2024,2024-09,False,False,
2024-09-28,28,Saturday,39,9,September,3,2024,2024-09,True,False,
2024-09-29,29,Sunday,39,9,September,3,2024,2024-09,True,False,
2024-09-30,30,Monday,40,9,September,3,2024,2024-09,False,False,
2024-10-01,1,Tuesday,40,10,October,4,2024,2024-10,False,False,
2024-10-02,2,Wednesday,40,10,October,4,2024,2024-10,False,False,
2024-10-03,3,Thursday,40,10,October,4,2024,2024-10,False,False,
2024-10-04,4,Friday,40,10,October,4,2024,2024-10,False,False,
2024-10-05,5,Saturday,40,10,October,4,2024,2024-10,True,False,
2024-10-06,6,Sunday,40,10,October,4,2024,2024-10,True,False,
2024-10-07,7,Monday,41,10,October,4,2024,2024-10,False,False,
2024-10-08,8,Tuesday,41,10,October,4,2024,2024-10,False,False,
2024-10-09,9,Wednesday,41,10,October,4,2024,2024-10,False,False,
2024-10-10,10,Thursday,41,10,October,4,2024,2024-10,False,False,
2024-10-11,11,Friday,41,10,October,4,2024,2024-10,False,False,
2024-10-12,12,Saturday,41,10,October,4,2024,2024-10,True,False,
2024-10-13,13,Sunday,41,10,October,4,2024,2024-10,True,False,
2024-10-14,14,Monday,42,10,October,4,2024,2024-10,False,False,
2024-10-15,15,Tuesday,42,10,October,4,2024,2024-10,False,False,
2024-10-16,16,Wednesday,42,10,October,4,2024,2024-10,False,False,
2024-10-17,17,Thursday,42,10,October,4,2024,2024-10,False,False,
2024-10-18,18,Friday,42,10,October,4,2024,2024-10,False,False,
2024-10-19,19,Saturday,42,10,October,4,2024,2024-10,True,False,
2024-10-20,20,Sunday,42,10,October,4,2024,2024-10,True,False,
2024-10-21,21,Monday,43,10,October,4,2024,2024-10,False,False,
2024-10-22,22,Tuesday,43,10,October,4,2024,2024-10,False,False,
2024-10-23,23,Wednesday,43,10,October,4,2024,2024-10,False,False,
2024-10-24,24,Thursday,43,10,October,4,2024,2024-10,False,False,
2024-10-25,25,Friday,43,10,October,4,2024,2024-10,False,False,
2024-10-26,26,Saturday,43,10,October,4,2024,2024-10,True,False,
2024-10-27,27,Sunday,43,10,October,4,2024,2024-10,True,False,
2024-10-28,28,Monday,44,10,October,4,2024,2024-10,False,False,
2024-10-29,29,Tuesday,44,10,October,4,2024,2024-10,False,False,
2024-10-30,30,Wednesday,44,10,October,4,2024,2024-10,False,False,
2024-10-31,31,Thursday,44,10,October,4,2024,2024-10,False,False,
2024-11-01,1,Friday,44,11,November,4,2024,2024-11,False,False,
2024-11-02,2,Saturday,44,11,November,4,2024,2024-11,True,False,
2024-11-03,3,Sunday,44,11,November,4,2024,2024-11,True,False,
2024-11-04,4,Monday,45,11,November,4,2024,2024-11,False,False,
2024-11-05,5,Tuesday,45,11,November,4,2024,2024-11,False,False,
2024-11-06,6,Wednesday,45,11,November,4,2024,2024-11,False,False,
2024-11-07,7,Thursday,45,11,November,4,2024,2024-11,False,False,
2024-11-08,8,Friday,45,11,November,4,2024,2024-11,False,False,
2024-11-09,9,Saturday,45,11,November,4,2024,2024-11,True,False,
2024-11-10,10,Sunday,45,11,November,4,2024,2024-11,True,False,
2024-11-11,11,Monday,46,11,November,4,2024,2024-11,False,False,
2024-11-12,12,Tuesday,46,11,November,4,2024,2024-11,False,False,
2024-11-13,13,Wednesday,46,11,November,4,2024,2024-11,False,False,
2024-11-14,14,Thursday,46,11,November,4,2024,2024-11,False,False,
2024-11-15,15,Friday,46,11,November,4,2024,2024-11,False,False,
2024-11-16,16,Saturday,46,11,November,4,2024,2024-11,True,False,
2024-11-17,17,Sunday,46,11,November,4,2024,2024-11,True,False,
2024-11-18,18,Monday,47,11,November,4,2024,2024-11,False,False,
2024-11-19,19,Tuesday,47,11,November,4,2024,2024-11,False,False,
2024-11-20,20,Wednesday,47,11,November,4,2024,2024-11,False,False,
2024-11-21,21,Thursday,47,11,November,4,2024,2024-11,False,False,
2024-11-22,22,Friday,47,11,November,4,2024,2024-11,False,False,
2024-11-23,23,Saturday,47,11,November,4,2024,2024-11,True,False,
2024-11-24,24,Sunday,47,11,November,4,2024,2024-11,True,False,
2024-11-25,25,Monday,48,11,November,4,2024,2024-11,False,False,
2024-11-26,26,Tuesday,48,11,November,4,2024,2024-11,False,False,
2024-11-27,27,Wednesday,48,11,November,4,2024,2024-11,False,False,
2024-11-28,28,Thursday,48,11,November,4,2024,2024-11,False,False,
2024-11-29,29,Friday,48,11,November,4,2024,2024-11,False,True,Black Friday
2024-11-30,30,Saturday,48,11,November,4,2024,2024-11,True,False,
2024-12-01,1,Sunday,48,12,December,4,2024,2024-12,True,False,
2024-12-02,2,Monday,49,12,December,4,2024,2024-12,False,True,Cyber Monday
2024-12-03,3,Tuesday,49,12,December,4,2024,2024-12,False,False,
2024-12-04,4,Wednesday,49,12,December,4,2024,2024-12,False,False,
2024-12-05,5,Thursday,49,12,December,4,2024,2024-12,False,False,
2024-12-06,6,Friday,49,12,December,4,2024,2024-12,False,False,
2024-12-07,7,Saturday,49,12,December,4,2024,2024-12,True,False,
2024-12-08,8,Sunday,49,12,December,4,2024,2024-12,True,False,
2024-12-09,9,Monday,50,12,December,4,2024,2024-12,False,False,
2024-12-10,10,Tuesday,50,12,December,4,2024,2024-12,False,False,
2024-12-11,11,Wednesday,50,12,December,4,2024,2024-12,False,False,
2024-12-12,12,Thursday,50,12,December,4,2024,2024-12,False,False,
2024-12-13,13,Friday,50,12,December,4,2024,2024-12,False,False,
2024-12-14,14,Saturday,50,12,December,4,2024,2024-12,True,False,
2024-12-15,15,Sunday,50,12,December,4,2024,2024-12,True,False,
2024-12-16,16,Monday,51,12,December,4,2024,2024-12,False,False,
2024-12-17,17,Tuesday,51,12,December,4,2024,2024-12,False,False,
2024-12-18,18,Wednesday,51,12,December,4,2024,2024-12,False,False,
2024-12-19,19,Thursday,51,12,December,4,2024,2024-12,False,False,
2024-12-20,20,Friday,51,12,December,4,2024,2024-12,False,False,
2024-12-21,21,Saturday,51,12,December,4,2024,2024-12,True,False,
2024-12-22,22,Sunday,51,12,December,4,2024,2024-12,True,False,
2024-12-23,23,Monday,52,12,December,4,2024,2024-12,False,False,
2024-12-24,24,Tuesday,52,12,December,4,2024,2024-12,False,False,
2024-12-25,25,Wednesday,52,12,December,4,2024,2024-12,False,True,Christmas
2024-12-26,26,Thursday,52,12,December,4,2024,2024-12,False,False,
2024-12-27,27,Friday,52,12,December,4,2024,2024-12,False,False,
2024-12-28,28,Saturday,52,12,December,4,2024,2024-12,True,False,
2024-12-29,29,Sunday,52,12,December,4,2024,2024-12,True,False,
2024-12-30,30,Monday,1,12,December,4,2024,2024-12,False,True,Year-End Sale
2024-12-31,31,Tuesday,1,12,December,4,2024,2024-12,False,False,
2025-01-01,1,Wednesday,1,1,January,1,2025,2025-01,False,True,New Year
2025-01-02,2,Thursday,1,1,January,1,2025,2025-01,False,False,
2025-01-03,3,Friday,1,1,January,1,2025,2025-01,False,False,
2025-01-04,4,Saturday,1,1,January,1,2025,2025-01,True,False,
2025-01-05,5,Sunday,1,1,January,1,2025,2025-01,True,False,
2025-01-06,6,Monday,2,1,January,1,2025,2025-01,False,False,
2025-01-07,7,Tuesday,2,1,January,1,2025,2025-01,False,False,
2025-01-08,8,Wednesday,2,1,January,1,2025,2025-01,False,False,
2025-01-09,9,Thursday,2,1,January,1,2025,2025-01,False,False,
2025-01-10,10,Friday,2,1,January,1,2025,2025-01,False,False,
2025-01-11,11,Saturday,2,1,January,1,2025,2025-01,True,False,
2025-01-12,12,Sunday,2,1,January,1,2025,2025-01,True,False,
2025-01-13,13,Monday,3,1,January,1,2025,2025-01,False,False,
2025-01-14,14,Tuesday,3,1,January,1,2025,2025-01,False,False,
2025-01-15,15,Wednesday,3,1,January,1,2025,2025-01,False,False,
2025-01-16,16,Thursday,3,1,January,1,2025,2025-01,False,False,
2025-01-17,17,Friday,3,1,January,1,2025,2025-01,False,False,
2025-01-18,18,Saturday,3,1,January,1,2025,2025-01,True,False,
2025-01-19,19,Sunday,3,1,January,1,2025,2025-01,True,False,
2025-01-20,20,Monday,4,1,January,1,2025,2025-01,False,False,
2025-01-21,21,Tuesday,4,1,January,1,2025,2025-01,False,False,
2025-01-22,22,Wednesday,4,1,January,1,2025,2025-01,False,False,
2025-01-23,23,Thursday,4,1,January,1,2025,2025-01,False,False,
2025-01-24,24,Friday,4,1,January,1,2025,2025-01,False,False,
2025-01-25,25,Saturday,4,1,January,1,2025,2025-01,True,False,
2025-01-26,26,Sunday,4,1,January,1,2025,2025-01,True,False,
2025-01-27,27,Monday,5,1,January,1,2025,2025-01,False,False,
2025-01-28,28,Tuesday,5,1,January,1,2025,2025-01,False,False,
2025-01-29,29,Wednesday,5,1,January,1,2025,2025-01,False,False,
2025-01-30,30,Thursday,5,1,January,1,2025,2025-01,False,False,
2025-01-31,31,Friday,5,1,January,1,2025,2025-01,False,False,
2025-02-01,1,Saturday,5,2,February,1,2025,2025-02,True,False,
2025-02-02,2,Sunday,5,2,February,1,2025,2025-02,True,False,
2025-02-03,3,Monday,6,2,February,1,2025,2025-02,False,False,
2025-02-04,4,Tuesday,6,2,February,1,2025,2025-02,False,False,
2025-02-05,5,Wednesday,6,2,February,1,2025,2025-02,False,False,
2025-02-06,6,Thursday,6,2,February,1,2025,2025-02,False,False,
2025-02-07,7,Friday,6,2,February,1,2025,2025-02,False,False,
2025-02-08,8,Saturday,6,2,February,1,2025,2025-02,True,False,
2025-02-09,9,Sunday,6,2,February,1,2025,2025-02,True,False,
2025-02-10,10,Monday,7,2,February,1,2025,2025-02,False,False,
2025-02-11,11,Tuesday,7,2,February,1,2025,2025-02,False,False,
2025-02-12,12,Wednesday,7,2,February,1,2025,2025-02,False,False,
2025-02-13,13,Thursday,7,2,February,1,2025,2025-02,False,False,
2025-02-14,14,Friday,7,2,February,1,2025,2025-02,False,True,Valentine's Day
2025-02-15,15,Saturday,7,2,February,1,2025,2025-02,True,False,
2025-02-16,16,Sunday,7,2,February,1,2025,2025-02,True,False,
2025-02-17,17,Monday,8,2,February,1,2025,2025-02,False,False,
2025-02-18,18,Tuesday,8,2,February,1,2025,2025-02,False,False,
2025-02-19,19,Wednesday,8,2,February,1,2025,2025-02,False,False,
2025-02-20,20,Thursday,8,2,February,1,2025,2025-02,False,False,
2025-02-21,21,Friday,8,2,February,1,2025,2025-02,False,False,
2025-02-22,22,Saturday,8,2,February,1,2025,2025-02,True,False,
2025-02-23,23,Sunday,8,2,February,1,2025,2025-02,True,False,
2025-02-24,24,Monday,9,2,February,1,2025,2025-02,False,False,
2025-02-25,25,Tuesday,9,2,February,1,2025,2025-02,False,False,
2025-02-26,26,Wednesday,9,2,February,1,2025,2025-02,False,False,
2025-02-27,27,Thursday,9,2,February,1,2025,2025-02,False,False,
2025-02-28,28,Friday,9,2,February,1,2025,2025-02,False,False,
2025-03-01,1,Saturday,9,3,March,1,2025,2025-03,True,False,
2025-03-02,2,Sunday,9,3,March,1,2025,2025-03,True,False,
2025-03-03,3,Monday,10,3,March,1,2025,2025-03,False,False,
2025-03-04,4,Tuesday,10,3,March,1,2025,2025-03,False,False,
2025-03-05,5,Wednesday,10,3,March,1,2025,2025-03,False,False,
2025-03-06,6,Thursday,10,3,March,1,2025,2025-03,False,False,
2025-03-07,7,Friday,10,3,March,1,2025,2025-03,False,False,
2025-03-08,8,Saturday,10,3,March,1,2025,2025-03,True,False,
2025-03-09,9,Sunday,10,3,March,1,2025,2025-03,True,False,
2025-03-10,10,Monday,11,3,March,1,2025,2025-03,False,False,
2025-03-11,11,Tuesday,11,3,March,1,2025,2025-03,False,False,
2025-03-12,12,Wednesday,11,3,March,1,2025,2025-03,False,False,
2025-03-13,13,Thursday,11,3,March,1,2025,2025-03,False,False,
2025-03-14,14,Friday,11,3,March,1,2025,2025-03,False,False,
2025-03-15,15,Saturday,11,3,March,1,2025,2025-03,True,False,
2025-03-16,16,Sunday,11,3,March,1,2025,2025-03,True,False,
2025-03-17,17,Monday,12,3,March,1,2025,2025-03,False,False,
2025-03-18,18,Tuesday,12,3,March,1,2025,2025-03,False,False,
2025-03-19,19,Wednesday,12,3,March,1,2025,2025-03,False,False,
2025-03-20,20,Thursday,12,3,March,1,2025,2025-03,False,False,
2025-03-21,21,Friday,12,3,March,1,2025,2025-03,False,False,
2025-03-22,22,Saturday,12,3,March,1,2025,2025-03,True,False,
2025-03-23,23,Sunday,12,3,March,1,2025,2025-03,True,False,
2025-03-24,24,Monday,13,3,March,1,2025,2025-03,False,False,
2025-03-25,25,Tuesday,13,3,March,1,2025,2025-03,False,False,
2025-03-26,26,Wednesday,13,3,March,1,2025,2025-03,False,False,
2025-03-27,27,Thursday,13,3,March,1,2025,2025-03,False,False,
2025-03-28,28,Friday,13,3,March,1,2025,2025-03,False,False,
2025-03-29,29,Saturday,13,3,March,1,2025,2025-03,True,False,
2025-03-30,30,Sunday,13,3,March,1,2025,2025-03,True,False,
2025-03-31,31,Monday,14,3,March,1,2025,2025-03,False,False,
2025-04-01,1,Tuesday,14,4,April,2,2025,2025-04,False,False,
2025-04-02,2,Wednesday,14,4,April,2,2025,2025-04,False,False,
2025-04-03,3,Thursday,14,4,April,2,2025,2025-04,False,False,
2025-04-04,4,Friday,14,4,April,2,2025,2025-04,False,False,
2025-04-05,5,Saturday,14,4,April,2,2025,2025-04,True,False,
2025-04-06,6,Sunday,14,4,April,2,2025,2025-04,True,False,
2025-04-07,7,Monday,15,4,April,2,2025,2025-04,False,False,
2025-04-08,8,Tuesday,15,4,April,2,2025,2025-04,False,False,
2025-04-09,9,Wednesday,15,4,April,2,2025,2025-04,False,False,
2025-04-10,10,Thursday,15,4,April,2,2025,2025-04,False,False,
2025-04-11,11,Friday,15,4,April,2,2025,2025-04,False,False,
2025-04-12,12,Saturday,15,4,April,2,2025,2025-04,True,False,
2025-04-13,13,Sunday,15,4,April,2,2025,2025-04,True,False,
2025-04-14,14,Monday,16,4,April,2,2025,2025-04,False,False,
2025-04-15,15,Tuesday,16,4,April,2,2025,2025-04,False,False,
2025-04-16,16,Wednesday,16,4,April,2,2025,2025-04,False,False,
2025-04-17,17,Thursday,16,4,April,2,2025,2025-04,False,False,
2025-04-18,18,Friday,16,4,April,2,2025,2025-04,False,False,
2025-04-19,19,Saturday,16,4,April,2,2025,2025-04,True,False,
2025-04-20,20,Sunday,16,4,April,2,2025,2025-04,True,False,
2025-04-21,21,Monday,17,4,April,2,2025,2025-04,False,False,
2025-04-22,22,Tuesday,17,4,April,2,2025,2025-04,False,False,
2025-04-23,23,Wednesday,17,4,April,2,2025,2025-04,False,False,
2025-04-24,24,Thursday,17,4,April,2,2025,2025-04,False,False,
2025-04-25,25,Friday,17,4,April,2,2025,2025-04,False,False,
2025-04-26,26,Saturday,17,4,April,2,2025,2025-04,True,False,
2025-04-27,27,Sunday,17,4,April,2,2025,2025-04,True,False,
2025-04-28,28,Monday,18,4,April,2,2025,2025-04,False,False,
2025-04-29,29,Tuesday,18,4,April,2,2025,2025-04,False,False,
2025-04-30,30,Wednesday,18,4,April,2,2025,2025-04,False,False,
2025-05-01,1,Thursday,18,5,May,2,2025,2025-05,False,False,
2025-05-02,2,Friday,18,5,May,2,2025,2025-05,False,False,
2025-05-03,3,Saturday,18,5,May,2,2025,2025-05,True,False,
2025-05-04,4,Sunday,18,5,May,2,2025,2025-05,True,False,
2025-05-05,5,Monday,19,5,May,2,2025,2025-05,False,False,
2025-05-06,6,Tuesday,19,5,May,2,2025,2025-05,False,False,
2025-05-07,7,Wednesday,19,5,May,2,2025,2025-05,False,False,
2025-05-08,8,Thursday,19,5,May,2,2025,2025-05,False,False,
2025-05-09,9,Friday,19,5,May,2,2025,2025-05,False,False,
2025-05-10,10,Saturday,19,5,May,2,2025,2025-05,True,False,
2025-05-11,11,Sunday,19,5,May,2,2025,2025-05,True,False,
2025-05-12,12,Monday,20,5,May,2,2025,2025-05,False,True,Mother's Day
2025-05-13,13,Tuesday,20,5,May,2,2025,2025-05,False,False,
2025-05-14,14,Wednesday,20,5,May,2,2025,2025-05,False,False,
2025-05-15,15,Thursday,20,5,May,2,2025,2025-05,False,False,
2025-05-16,16,Friday,20,5,May,2,2025,2025-05,False,False,
2025-05-17,17,Saturday,20,5,May,2,2025,2025-05,True,False,
2025-05-18,18,Sunday,20,5,May,2,2025,2025-05,True,False,
2025-05-19,19,Monday,21,5,May,2,2025,2025-05,False,False,
2025-05-20,20,Tuesday,21,5,May,2,2025,2025-05,False,False,
2025-05-21,21,Wednesday,21,5,May,2,2025,2025-05,False,False,
2025-05-22,22,Thursday,21,5,May,2,2025,2025-05,False,False,
2025-05-23,23,Friday,21,5,May,2,2025,2025-05,False,False,
2025-05-24,24,Saturday,21,5,May,2,2025,2025-05,True,False,
2025-05-25,25,Sunday,21,5,May,2,2025,2025-05,True,False,
2025-05-26,26,Monday,22,5,May,2,2025,2025-05,False,False,
2025-05-27,27,Tuesday,22,5,May,2,2025,2025-05,False,False,
2025-05-28,28,Wednesday,22,5,May,2,2025,2025-05,False,False,
2025-05-29,29,Thursday,22,5,May,2,2025,2025-05,False,False,
2025-05-30,30,Friday,22,5,May,2,2025,2025-05,False,False,
2025-05-31,31,Saturday,22,5,May,2,2025,2025-05,True,False,
2025-06-01,1,Sunday,22,6,June,2,2025,2025-06,True,False,
2025-06-02,2,Monday,23,6,June,2,2025,2025-06,False,False,
2025-06-03,3,Tuesday,23,6,June,2,2025,2025-06,False,False,
2025-06-04,4,Wednesday,23,6,June,2,2025,2025-06,False,False,
2025-06-05,5,Thursday,23,6,June,2,2025,2025-06,False,False,
2025-06-06,6,Friday,23,6,June,2,2025,2025-06,False,False,
2025-06-07,7,Saturday,23,6,June,2,2025,2025-06,True,False,
2025-06-08,8,Sunday,23,6,June,2,2025,2025-06,True,False,
2025-06-09,9,Monday,24,6,June,2,2025,2025-06,False,False,
2025-06-10,10,Tuesday,24,6,June,2,2025,2025-06,False,False,
2025-06-11,11,Wednesday,24,6,June,2,2025,2025-06,False,False,
2025-06-12,12,Thursday,24,6,June,2,2025,2025-06,False,False,
2025-06-13,13,Friday,24,6,June,2,2025,2025-06,False,False,
2025-06-14,14,Saturday,24,6,June,2,2025,2025-06,True,False,
2025-06-15,15,Sunday,24,6,June,2,2025,2025-06,True,False,
2025-06-16,16,Monday,25,6,June,2,2025,2025-06,False,True,Father's Day
2025-06-17,17,Tuesday,25,6,June,2,2025,2025-06,False,False,
2025-06-18,18,Wednesday,25,6,June,2,2025,2025-06,False,False,
2025-06-19,19,Thursday,25,6,June,2,2025,2025-06,False,False,
2025-06-20,20,Friday,25,6,June,2,2025,2025-06,False,False,
2025-06-21,21,Saturday,25,6,June,2,2025,2025-06,True,False,
2025-06-22,22,Sunday,25,6,June,2,2025,2025-06,True,False,
2025-06-23,23,Monday,26,6,June,2,2025,2025-06,False,False,
2025-06-24,24,Tuesday,26,6,June,2,2025,2025-06,False,False,
2025-06-25,25,Wednesday,26,6,June,2,2025,2025-06,False,False,
2025-06-26,26,Thursday,26,6,June,2,2025,2025-06,False,False,
2025-06-27,27,Friday,26,6,June,2,2025,2025-06,False,False,
2025-06-28,28,Saturday,26,6,June,2,2025,2025-06,True,False,
2025-06-29,29,Sunday,26,6,June,2,2025,2025-06,True,False,
2025-06-30,30,Monday,27,6,June,2,2025,2025-06,False,False,
2025-07-01,1,Tuesday,27,7,July,3,2025,2025-07,False,False,
2025-07-02,2,Wednesday,27,7,July,3,2025,2025-07,False,False,
2025-07-03,3,Thursday,27,7,July,3,2025,2025-07,False,False,
2025-07-04,4,Friday,27,7,July,3,2025,2025-07,False,False,
2025-07-05,5,Saturday,27,7,July,3,2025,2025-07,True,False,
2025-07-06,6,Sunday,27,7,July,3,2025,2025-07,True,False,
2025-07-07,7,Monday,28,7,July,3,2025,2025-07,False,False,
2025-07-08,8,Tuesday,28,7,July,3,2025,2025-07,False,False,
2025-07-09,9,Wednesday,28,7,July,3,2025,2025-07,False,False,
2025-07-10,10,Thursday,28,7,July,3,2025,2025-07,False,False,
2025-07-11,11,Friday,28,7,July,3,2025,2025-07,False,False,
2025-07-12,12,Saturday,28,7,July,3,2025,2025-07,True,False,
2025-07-13,13,Sunday,28,7,July,3,2025,2025-07,True,False,
2025-07-14,14,Monday,29,7,July,3,2025,2025-07,False,False,
2025-07-15,15,Tuesday,29,7,July,3,2025,2025-07,False,False,
2025-07-16,16,Wednesday,29,7,July,3,2025,2025-07,False,False,
2025-07-17,17,Thursday,29,7,July,3,2025,2025-07,False,False,
2025-07-18,18,Friday,29,7,July,3,2025,2025-07,False,False,
2025-07-19,19,Saturday,29,7,July,3,2025,2025-07,True,False,
2025-07-20,20,Sunday,29,7,July,3,2025,2025-07,True,False,
2025-07-21,21,Monday,30,7,July,3,2025,2025-07,False,False,
2025-07-22,22,Tuesday,30,7,July,3,2025,2025-07,False,False,
2025-07-23,23,Wednesday,30,7,July,3,2025,2025-07,False,False,
2025-07-24,24,Thursday,30,7,July,3,2025,2025-07,False,False,
2025-07-25,25,Friday,30,7,July,3,2025,2025-07,False,False,
2025-07-26,26,Saturday,30,7,July,3,2025,2025-07,True,False,
2025-07-27,27,Sunday,30,7,July,3,2025,2025-07,True,False,
2025-07-28,28,Monday,31,7,July,3,2025,2025-07,False,False,
2025-07-29,29,Tuesday,31,7,July,3,2025,2025-07,False,False,
2025-07-30,30,Wednesday,31,7,July,3,2025,2025-07,False,False,
2025-07-31,31,Thursday,31,7,July,3,2025,2025-07,False,False,
2025-08-01,1,Friday,31,8,August,3,2025,2025-08,False,False,
2025-08-02,2,Saturday,31,8,August,3,2025,2025-08,True,False,
2025-08-03,3,Sunday,31,8,August,3,2025,2025-08,True,False,
2025-08-04,4,Monday,32,8,August,3,2025,2025-08,False,False,
2025-08-05,5,Tuesday,32,8,August,3,2025,2025-08,False,False,
2025-08-06,6,Wednesday,32,8,August,3,2025,2025-08,False,False,
2025-08-07,7,Thursday,32,8,August,3,2025,2025-08,False,False,
2025-08-08,8,Friday,32,8,August,3,2025,2025-08,False,False,
2025-08-09,9,Saturday,32,8,August,3,2025,2025-08,True,False,
2025-08-10,10,Sunday,32,8,August,3,2025,2025-08,True,False,
2025-08-11,11,Monday,33,8,August,3,2025,2025-08,False,False,
2025-08-12,12,Tuesday,33,8,August,3,2025,2025-08,False,False,
2025-08-13,13,Wednesday,33,8,August,3,2025,2025-08,False,False,
2025-08-14,14,Thursday,33,8,August,3,2025,2025-08,False,False,
2025-08-15,15,Friday,33,8,August,3,2025,2025-08,False,False,
2025-08-16,16,Saturday,33,8,August,3,2025,2025-08,True,False,
2025-08-17,17,Sunday,33,8,August,3,2025,2025-08,True,False,
2025-08-18,18,Monday,34,8,August,3,2025,2025-08,False,False,
2025-08-19,19,Tuesday,34,8,August,3,2025,2025-08,False,False,
2025-08-20,20,Wednesday,34,8,August,3,2025,2025-08,False,False,
2025-08-21,21,Thursday,34,8,August,3,2025,2025-08,False,False,
2025-08-22,22,Friday,34,8,August,3,2025,2025-08,False,False,
2025-08-23,23,Saturday,34,8,August,3,2025,2025-08,True,False,
2025-08-24,24,Sunday,34,8,August,3,2025,2025-08,True,False,
2025-08-25,25,Monday,35,8,August,3,2025,2025-08,False,False,
2025-08-26,26,Tuesday,35,8,August,3,2025,2025-08,False,False,
2025-08-27,27,Wednesday,35,8,August,3,2025,2025-08,False,False,
2025-08-28,28,Thursday,35,8,August,3,2025,2025-08,False,False,
2025-08-29,29,Friday,35,8,August,3,2025,2025-08,False,False,
2025-08-30,30,Saturday,35,8,August,3,2025,2025-08,True,False,
2025-08-31,31,Sunday,35,8,August,3,2025,2025-08,True,False,
2025-09-01,1,Monday,36,9,September,3,2025,2025-09,False,False,
2025-09-02,2,Tuesday,36,9,September,3,2025,2025-09,False,False,
2025-09-03,3,Wednesday,36,9,September,3,2025,2025-09,False,False,
2025-09-04,4,Thursday,36,9,September,3,2025,2025-09,False,False,
2025-09-05,5,Friday,36,9,September,3,2025,2025-09,False,False,
2025-09-06,6,Saturday,36,9,September,3,2025,2025-09,True,False,
2025-09-07,7,Sunday,36,9,September,3,2025,2025-09,True,False,
2025-09-08,8,Monday,37,9,September,3,2025,2025-09,False,False,
2025-09-09,9,Tuesday,37,9,September,3,2025,2025-09,False,False,
2025-09-10,10,Wednesday,37,9,September,3,2025,2025-09,False,False,
2025-09-11,11,Thursday,37,9,September,3,2025,2025-09,False,False,
2025-09-12,12,Friday,37,9,September,3,2025,2025-09,False,False,
2025-09-13,13,Saturday,37,9,September,3,2025,2025-09,True,False,
2025-09-14,14,Sunday,37,9,September,3,2025,2025-09,True,False,
2025-09-15,15,Monday,38,9,September,3,2025,2025-09,False,False,
2025-09-16,16,Tuesday,38,9,September,3,2025,2025-09,False,False,
2025-09-17,17,Wednesday,38,9,September,3,2025,2025-09,False,False,
2025-09-18,18,Thursday,38,9,September,3,2025,2025-09,False,False,
2025-09-19,19,Friday,38,9,September,3,2025,2025-09,False,False,
2025-09-20,20,Saturday,38,9,September,3,2025,2025-09,True,False,
2025-09-21,21,Sunday,38,9,September,3,2025,2025-09,True,False,
2025-09-22,22,Monday,39,9,September,3,2025,2025-09,False,False,
2025-09-23,23,Tuesday,39,9,September,3,2025,2025-09,False,False,
2025-09-24,24,Wednesday,39,9,September,3,2025,2025-09,False,False,
2025-09-25,25,Thursday,39,9,September,3,2025,2025-09,False,False,
2025-09-26,26,Friday,39,9,September,3,2025,2025-09,False,False,
2025-09-27,27,Saturday,39,9,September,3,2025,2025-09,True,False,
2025-09-28,28,Sunday,39,9,September,3,2025,2025-09,True,False,
2025-09-29,29,Monday,40,9,September,3,2025,2025-09,False,False,
2025-09-30,30,Tuesday,40,9,September,3,2025,2025-09,False,False,
2025-10-01,1,Wednesday,40,10,October,4,2025,2025-10,False,False,
2025-10-02,2,Thursday,40,10,October,4,2025,2025-10,False,False,
2025-10-03,3,Friday,40,10,October,4,2025,2025-10,False,False,
2025-10-04,4,Saturday,40,10,October,4,2025,2025-10,True,False,
2025-10-05,5,Sunday,40,10,October,4,2025,2025-10,True,False,
2025-10-06,6,Monday,41,10,October,4,2025,2025-10,False,False,
2025-10-07,7,Tuesday,41,10,October,4,2025,2025-10,False,False,
2025-10-08,8,Wednesday,41,10,October,4,2025,2025-10,False,False,
2025-10-09,9,Thursday,41,10,October,4,2025,2025-10,False,False,
2025-10-10,10,Friday,41,10,October,4,2025,2025-10,False,False,
2025-10-11,11,Saturday,41,10,October,4,2025,2025-10,True,False,
2025-10-12,12,Sunday,41,10,October,4,2025,2025-10,True,False,
2025-10-13,13,Monday,42,10,October,4,2025,2025-10,False,False,
2025-10-14,14,Tuesday,42,10,October,4,2025,2025-10,False,False,
2025-10-15,15,Wednesday,42,10,October,4,2025,2025-10,False,False,
2025-10-16,16,Thursday,42,10,October,4,2025,2025-10,False,False,
2025-10-17,17,Friday,42,10,October,4,2025,2025-10,False,False,
2025-10-18,18,Saturday,42,10,October,4,2025,2025-10,True,False,
2025-10-19,19,Sunday,42,10,October,4,2025,2025-10,True,False,
2025-10-20,20,Monday,43,10,October,4,2025,2025-10,False,False,
2025-10-21,21,Tuesday,43,10,October,4,2025,2025-10,False,False,
2025-10-22,22,Wednesday,43,10,October,4,2025,2025-10,False,False,
2025-10-23,23,Thursday,43,10,October,4,2025,2025-10,False,False,
2025-10-24,24,Friday,43,10,October,4,2025,2025-10,False,False,
2025-10-25,25,Saturday,43,10,October,4,2025,2025-10,True,False,
2025-10-26,26,Sunday,43,10,October,4,2025,2025-10,True,False,
2025-10-27,27,Monday,44,10,October,4,2025,2025-10,False,False,
2025-10-28,28,Tuesday,44,10,October,4,2025,2025-10,False,False,
2025-10-29,29,Wednesday,44,10,October,4,2025,2025-10,False,False,
2025-10-30,30,Thursday,44,10,October,4,2025,2025-10,False,False,
2025-10-31,31,Friday,44,10,October,4,2025,2025-10,False,False,
2025-11-01,1,Saturday,44,11,November,4,2025,2025-11,True,False,
2025-11-02,2,Sunday,44,11,November,4,2025,2025-11,True,False,
2025-11-03,3,Monday,45,11,November,4,2025,2025-11,False,False,
2025-11-04,4,Tuesday,45,11,November,4,2025,2025-11,False,False,
2025-11-05,5,Wednesday,45,11,November,4,2025,2025-11,False,False,
2025-11-06,6,Thursday,45,11,November,4,2025,2025-11,False,False,
2025-11-07,7,Friday,45,11,November,4,2025,2025-11,False,False,
2025-11-08,8,Saturday,45,11,November,4,2025,2025-11,True,False,
2025-11-09,9,Sunday,45,11,November,4,2025,2025-11,True,False,
2025-11-10,10,Monday,46,11,November,4,2025,2025-11,False,False,
2025-11-11,11,Tuesday,46,11,November,4,2025,2025-11,False,False,
2025-11-12,12,Wednesday,46,11,November,4,2025,2025-11,False,False,
2025-11-13,13,Thursday,46,11,November,4,2025,2025-11,False,False,
2025-11-14,14,Friday,46,11,November,4,2025,2025-11,False,False,
2025-11-15,15,Saturday,46,11,November,4,2025,2025-11,True,False,
2025-11-16,16,Sunday,46,11,November,4,2025,2025-11,True,False,
2025-11-17,17,Monday,47,11,November,4,2025,2025-11,False,False,
2025-11-18,18,Tuesday,47,11,November,4,2025,2025-11,False,False,
2025-11-19,19,Wednesday,47,11,November,4,2025,2025-11,False,False,
2025-11-20,20,Thursday,47,11,November,4,2025,2025-11,False,False,
2025-11-21,21,Friday,47,11,November,4,2025,2025-11,False,False,
2025-11-22,22,Saturday,47,11,November,4,2025,2025-11,True,False,
2025-11-23,23,Sunday,47,11,November,4,2025,2025-11,True,False,
2025-11-24,24,Monday,48,11,November,4,2025,2025-11,False,False,
2025-11-25,25,Tuesday,48,11,November,4,2025,2025-11,False,False,
2025-11-26,26,Wednesday,48,11,November,4,2025,2025-11,False,False,
2025-11-27,27,Thursday,48,11,November,4,2025,2025-11,False,False,
2025-11-28,28,Friday,48,11,November,4,2025,2025-11,False,True,Black Friday
2025-11-29,29,Saturday,48,11,November,4,2025,2025-11,True,False,
2025-11-30,30,Sunday,48,11,November,4,2025,2025-11,True,False,
2025-12-01,1,Monday,49,12,December,4,2025,2025-12,False,True,Cyber Monday
2025-12-02,2,Tuesday,49,12,December,4,2025,2025-12,False,False,
2025-12-03,3,Wednesday,49,12,December,4,2025,2025-12,False,False,
2025-12-04,4,Thursday,49,12,December,4,2025,2025-12,False,False,
2025-12-05,5,Friday,49,12,December,4,2025,2025-12,False,False,
2025-12-06,6,Saturday,49,12,December,4,2025,2025-12,True,False,
2025-12-07,7,Sunday,49,12,December,4,2025,2025-12,True,False,
2025-12-08,8,Monday,50,12,December,4,2025,2025-12,False,False,
2025-12-09,9,Tuesday,50,12,December,4,2025,2025-12,False,False,
2025-12-10,10,Wednesday,50,12,December,4,2025,2025-12,False,False,
2025-12-11,11,Thursday,50,12,December,4,2025,2025-12,False,False,
2025-12-12,12,Friday,50,12,December,4,2025,2025-12,False,False,
2025-12-13,13,Saturday,50,12,December,4,2025,2025-12,True,False,
2025-12-14,14,Sunday,50,12,December,4,2025,2025-12,True,False,
2025-12-15,15,Monday,51,12,December,4,2025,2025-12,False,False,
2025-12-16,16,Tuesday,51,12,December,4,2025,2025-12,False,False,
2025-12-17,17,Wednesday,51,12,December,4,2025,2025-12,False,False,
2025-12-18,18,Thursday,51,12,December,4,2025,2025-12,False,False,
2025-12-19,19,Friday,51,12,December,4,2025,2025-12,False,False,
2025-12-20,20,Saturday,51,12,December,4,2025,2025-12,True,False,
2025-12-21,21,Sunday,51,12,December,4,2025,2025-12,True,False,
2025-12-22,22,Monday,52,12,December,4,2025,2025-12,False,False,
2025-12-23,23,Tuesday,52,12,December,4,2025,2025-12,False,False,
2025-12-24,24,Wednesday,52,12,December,4,2025,2025-12,False,False,
2025-12-25,25,Thursday,52,12,December,4,2025,2025-12,False,True,Christmas
2025-12-26,26,Friday,52,12,December,4,2025,2025-12,False,False,
2025-12-27,27,Saturday,52,12,December,4,2025,2025-12,True,False,
2025-12-28,28,Sunday,52,12,December,4,2025,2025-12,True,False,
2025-12-29,29,Monday,1,12,December,4,2025,2025-12,False,False,
2025-12-30,30,Tuesday,1,12,December,4,2025,2025-12,False,True,Year-End Sale
2025-12-31,31,Wednesday,1,12,December,4,2025,2025-12,False,False,
